profileName,fromProfil,email,country,day,month,year,sex,isNew
Marie Fortune,Aude Couvreur,marie01.fortune@gmail.com,belgique,06,03,1994,F,+22951803744
Jérémie Sarvin,Łukasz Ozorowski,jeremie.sarvin@gmail.com,belgique,03,10,1993,M,+22951917679
Cemarie Bokpè,Claire Amina,cemarib.pegozone@gmail.com,benin,28,06,2001,F
Louise Courtin,Pauline Vandeloise,clara.noutai1@gmail.com,belgique
Eden Duval,Arthur Eylenbosch,jose.partulet@gmail.com,belgique
Justine Magnidé,Dy Quenum,justine.magnide@gmail.com,benin,28,06,1997,F
Paul Ahodan,Soule Daouda,mahoukgonimoussa2@gmail.com,benin,24,01,1993,M
Cosme Assiogbé,Momo Kiouyaté,cosme.assiogbe@gmail.com,benin,25,06,1987,M
Diane Aholoukpè,Sarah Sagesse Kihoulou,diane.aholoukpe@gmail.com,benin,02,12,1997,F,+22998371670
Viridiane Aholoukpè,Esther Hadassa Lisasi,viridiane.aholoukpe@gmail.com,benin,02,12,1998,F,+22998365331
Joyce Houngbédji,Neige Lekami,Joyce.houngbedji@pegozone.com,benin,18,03,1999,F
Meryl Vissoh,parfait tokponnon,quentin02.evrard@gmail.com,belgique
Aurelien Bardau,Aurelien Duplicy,pegolab.pegozone@gmail.com,belgique,Vérouillé
Medio Romuald,Shelton Eiman,medion.television@gmail.com,belgique
Alloïne Gbèvidé,Angelle Nga,allodfs20@gmail.com,benin,28,06,2004,F
Arnaud Delcory,not_available,mahoukgonimoussa3@gmail.com,belgique
Ginette Yessou,Noelle kengmo,tparfait2000@yahoo.fr,benin,03,10,1993,F
Derrick Kassoun,Stephen Rick Dany Disiz,mahoukgonimoussa@yahoo.fr,belgique
Adrien Fifatin,Joseph Monga,adrien.fifatin@mediabenin.com,belgique,02,03,2001,M
Tobias Iman,Marcin Fiuk,tobias.iman@allodfs.com,belgique,18,11,2001,M,Vérouillé
Margaux Harpigny,Dominika Tokoń,margaux.harpigny@allodfs.com,belgique
Amourette Jilda,Adjoua Madeleine Kakou,amourette.jilda@allodfs.com,belgique
Colin Varnimpe,João Pedro Santos,colin.varnimpe@allodfs.com,belgique
Geraldine Avoce,Demi Wiselmy,geraldine.avoce@allodfs.com,belgique,Vérouillé
Coralie Druyts,Natalia Chmielnicka,coralie.druyts@allodfs.com,belgique
Mathias Adjovi,Christian Ignace Salalongo,mathias.adjovi@allodfs.com,benin,18,02,2000,M
Josey Kekolo,Pathy Moutsinga,josey.kekolo@allodfs.com,benin,05,09,1993,F
Cathérine Chaves,Nina Macion,catherine.chaves@allodfs.com,belgique,30,11,2000,F,Vérouillé
Aurelle Bidoyessi,Grâce Ndjiembi Ndjiembi,aurelle.bidoyessi@allodfs.com,benin,18,02,2001,F
Thomas Clonen,Karol Radłowski,thomas.clonen@allodfs.com,belgique
Kenneth Adetutu,Koffi Kouamé Jessé Israël,kenneth.adetutu@allodfs.com,belgique
Eleonore Fabri,Anna Dzieciątko,eleonore.fabri@allodfs.com,belgique
Marine Delcourt,Marta Foitzik(Tunia),marine.delcourt@allodfs.com,belgique
Sylvanelle Laorou,Jéancel Lutumba,sylvanelle.laorou@allodfs.com,benin,22,02,1999,F
Manon Govaerts,Magdalena Kłębucka,manon.govaerts@allodfs.com,belgique
Gertrude Aguemon,Vixiane Ebeyard,gertrude.aguemon@allodfs.com,benin,18,05,1995,F
Filmine Adjagbe,Allegra Kabukapua Kalombo,filmine.adjagbe@allodfs.com,benin,04,10,2002,F
Lucie Moreau,Marta Ochman(Giec),lucie.moreau@allodfs.com,belgique
Marcel Louhede,David Ngonga,marcel.louhede@allodfs.com,belgique,28,11,1994,22998371651
Junior Lopinet,Guyleon Badjoko Wa Lileko,junior.lopinet@allodfs.com,belgique
Caristand Itchadoukpè,Gess Mbina,caristand.itchadoukpe@allodfs.com,benin,11,11,2003,M
Denis Sansen,Maciek Wójtów,denis.sansen@allodfs.com,belgique
Pathy Kaseyon,Laurna Badjine Ba Kasse,pathy.kaseyon@allodfs.com,belgique
Julia Duquenne,Weronika Siwińska,julia.duquenne@allodfs.com,belgique
Jeannette Vissouhon,Vertu Naelle,jeannette.vissouhon@allodfs.com,benin,17,06,1991,F
Murielle Fagnidè,Sarah Wastiaux,murielle.fagnide@allodfs.com,benin,10,08,2001,F
Marie Candou,Sara DeepSoul,marie.candou@allodfs.com,belgique
Clément Kounou,Nas TheMighty Man,clement.kounou@allodfs.com,benin,04,03,1993,M
Elise Rifon,Sara Przedzinkowska,elise.rifon@allodfs.com,belgique
Constance Dutrieux,Paulina Złotkowska,constance.dutrieux@allodfs.com,belgique
Roland Allavoun,Gurshwin Wehr Wehr,roland.allavoun@allodfs.com,benin,31,07,1991,M
Camille Guislain,Dorota Dul,camille.guislain@allodfs.com,belgique
Gauthier Laloux,Bartek Paszun,gauthier.laloux@allodfs.com,belgique
Derrick Hounsou,Dan Ngonga,derrick.hounsou@allodfs.com,benin,19,05,1999,M
Jules Djossou,Prince Malumba,jules.djossou@allodfs.com,benin,12,06,1996,M
Beranger Dassi,Myveck Sambou,beranger.dassi@allodfs.com,benin,10,04,1998,M
Floriane Vanhalst,Oktawia Maria,floriane.vanhalst@allodfs.com,belgique
Raphaël Viatour,Dawid Kazimierz Jaruniak,raphael.viatour@allodfs.com,belgique
Mathieu Corbeel,Patryk Jasiński,mathieu.corbeel@allodfs.com,belgique
Raïssa Lavigne,Agnieszka Poruszek,raissa.lavigne@allodfs.com,belgique
Nadia Tandjari,Funda Spencer,nadia.tandjari@allodfs.com,benin,06,09,1994,F
Hugo De Backer,Tomasz Tomek,hugo.debacker@allodfs.com,belgique
Marine Soupard,Paulina Michalak,marine.soupard@allodfs.com,belgique,Vérouillé
Grégoire Ballieux,Kwiatek Ktk,gregoire.ballieux@allodfs.com,belgique
Fatou Alioudan,Raissa Ipolo,fatou.alioudan@allodfs.com,benin,19,02,1999,F
Maxime Ronembeau,Maxime Moreau,maxime.ronembeau@allodfs.com,belgique
Remy Allokpe,Sergio Bousket,remy.allokpe@allodfs.com,benin,18,07,1998,M
Caroline Dechaux,Justyna Szczepankowska,caroline.dechaux@allodfs.com,belgique,Vérouillé
Anais Brumagne,Wiktoria Pustułka,anais.brumagne@allodfs.com,belgique
Maelle Van Rompaey,Wiola Ociesa,maelle.vanrompaey@allodfs.com,belgique
Alice Charlier1,Dominika Adamczyk,alice.charlier@allodfs.com,belgique,14,12,2003,F
Alice Charlier2,Dominika Adamczyk,alice.charlier@mediabenin.com,belgique,20,12,2003,F
Florence Agbatou,Axa Kavumvula,florence.agbatou@allodfs.com,benin,19,10,2003,F
Joyce Agbadji,Armelle Lubanzadio(Sarah),joyce.agbadji@allodfs.com,benin,18,03,1999,F
Alexis Huens,Dominik Pundyk,alexis.huens@allodfs.com,belgique
Gaelle Adinsi,Raissa Mutamba,gaelle.adinsi@allodfs.com,benin,17,03,1999,F
Harold Balogoun,Guy Ibouliga,harold.balogoun@allodfs.com,benin,17,11,1999,M
Aurelie Sambeni,Aïchatou Djibrilia Bopaka,aurelie.sambeni@allodfs.com,benin,15,10,1992,F
Florentin Duchateau,Ada Potoczek (homme),florentin.duchateau@allodfs.com,belgique,Vérouillé
Juliette Hessou,Nadja Amblard,juliette.hessou@allodfs.com,benin,21,02,1998,F
Antoinette Kintogni,Bi-by Ham-za,antoinette.kintogni@allodfs.com,benin,11,02,2000,F
Alexandre Legrand,Artur D-l,alexandre.legrand@allodfs.com,belgique,Vérouillé
Dorcas Vané,Aur Rianne,dorcas.vane@allodfs.com,belgique
Vincent Ahouandjinou,Orpy Mouele,vincent.ahouandjinou@allodfs.com,benin,17,05,2002,M
Christian Mensah, Geoffrey Mapessa,christian.mensah@allodfs.com,benin,16,08,2000,M
Martin Gerano,Andrzej Amlicki,martin.gerano@allodfs.com,belgique
Grégoire Grensen,Kacper Preisner,gregoire.grensen@allodfs.com,belgique
Séverine Dupont,Karolina Bińkowska,severine.dupont@allodfs.com,belgique
Olivia Denakpo,Amina Djoumoi(Swety),olivia.denakpo@allodfs.com,benin,18,02,2000,F
Mathieu Billekens,Krystian Jabłoński,mathieu.billekens@allodfs.com,belgique
Michael Blondiau,Piotr Krysiński,michael.blondiau@allodfs.com,belgique,Vérouillé
Josias Gankpo,Vincent Ngonga,josias.gankpo@allodfs.com,benin,06,12,2002,M
Samadou Boukari,Grãcïę Cãpïtãnö Dãşh Dïãbãnzã,samadou.boukari@allodfs.com,benin,10,08,2004,M
Guillaume Gallard,Kacper Skarbek,guillaume.gallard@allodfs.com,belgique
Zina Hendrix,Sofia Santiago,zina.hendrix@allodfs.com,belgique
Rodrigue Tenret,Krzysiek Kałużny,rodrigue.tenret@allodfs.com,belgique
Nicolas Humphrey,Szymon Sołtysiak,nicolas.humphrey@allodfs.com,belgique
Germain Hounkpe,Joseph Monga,germain.hounkpe@allodfs.com,benin,19,01,1999,M
Yves Vasto,Sebastian Pękala,yves.vasto@allodfs.com,belgique
Sandrine Akouesson,Alice Moussounda,sandrine.akouesson@allodfs.com,benin,17,11,1999,F
Sarah Hertay,Agnieszka Poruszek aporuszek,sarah.hertay@allodfs.com,belgique
Cecoris Sovissou,Jamine Adams,cecoris.sovissou@allodfs.com,benin,18,07,2003,M
Thibault Pederson,Tomasz Gilewicz,thibault.pederson@allodfs.com,belgique
Septime Hountondji,Jordy Yoan Wengi,septime.hountondji@allodfs.com,benin,31,03,2001,M
Fritnel Anouna,Serge Junior,fritnel.anouna@allodfs.com,belgique
Antoine Bodson,Janek Maciejewski,antoine.bodson@allodfs.com,belgique
Steve Mousty,Mateusz Markowski,steve.mousty@allodfs.com,belgique
Odile Bouffard,Natalia Augusewicz,odile.bouffard@allodfs.com,belgique
Coris Vissodogbe,Yves Mfundu Wolo,coris.vissodogbe@allodfs.com,benin,19,10,2003,M
Jubellin Kissezounon,Adam Gaëls,jubellin.kissezounon@allodfs.com,benin,04,03,1996,M
Emilie Zechinon,Klaudia Julia Tersa,emilie.zechinon@allodfs.com,belgique
Sorelle Akan,Adeline Hidghi,sorelle.akan@allodfs.com,benin,19,01,2000,F
Hypolite Senou,Bodrick Kumbu Noble,hypolite.senou@allodfs.com,benin,20,03,1999,M
Chantou Fifame,Regina Ilunga Cimune Biyemba,chantou.fifame@allodfs.com,benin,18,09,1999,F
Yvonne Gnissima,not_available,yvonne.gnissima@allodfs.com,benin,09,09,1998,F
Guillaume Busset,Szymon Kula,guillaume.busset@mediabenin.com,belgique
Alice Magnet,Martyna Ziętara,alice.magnet@mediabenin.com,belgique
Florence Huart,Kamila Trojnar,florence.huart@mediabenin.com,belgique
Antoine Charlier,Kacper Amroży,antoine.charlier@mediabenin.com,belgique
Mady Maquet,Wiktoria Plewińska,mady.maquet@mediabenin.com,belgique
Romaine Sadex,Asia Borowska,romaine.sadex@mediabenin.com,belgique
Lara Druaux,Honorata Gorczak,lara.druaux@mediabenin.com,belgique
Emmeline Seeger,Anastazja Cz,emmeline.seeger@mediabenin.com,belgique
Fanny Biquet,Martyna Matusiak,fanny.biquet@mediabenin.com,belgique
Suzy Bousquillon,Ola Białkowska,suzy.bousquillon@mediabenin.com,belgique
Noélie Lorgé,Karolina Kigler,noelie.lorge@mediabenin.com,belgique
Charline Buchet,Ania Michrowska,charline.buchet@mediabenin.com,belgique
Coralie Halleux,Natalia Rzemińska,coralie.halleux@mediabenin.com,belgique
Louis Dejardin,Wojciech Gwóźdź,louis.dejardin@mediabenin.com,belgique
Colin Hibert,Bartosz Walkowski,colin.hibert@mediabenin.com,belgique
Catalina Dufromont,Ola Kołtuniewicz,catalina.dufromont@mediabenin.com,belgique
Margaux Jonquart,Andżelika Kiełbik,margaux.jonquart@mediabenin.com,belgique
Gätien Lhoest,Kacper Płaszczyński,gatien.lhoest@mediabenin.com,belgique
Zélie Meunier,Ola Przymus,zelie.meunier@mediabenin.com,belgique,Vérouillé
Bastien Godart,Michał Leliński,bastien.godart@mediabenin.com,belgique
Julienne Vermeulen,Julia Troska,julienne.vermeulen@mediabenin.com,belgique
Huguette Vilata,Marcelina Przychodni,huguette.vilata@mediabenin.com,belgique
Henry Regnault,Kacper Wdowiak,henry.regnault@mediabenin.com,belgique,Vérouillé
Amandine Henquin,Dorota Krajewska,amandine.henquin@mediabenin.com,belgique,Vérouillé
Jerôme Delporte,Artur Lenart,jerome.delporte@mediabenin.com,belgique
Loïc Deldine,Kuba Jankowski,loic.deldine@mediabenin.com,belgique,Vérouillé
Simon Loozen,Darek Karpiuk,simon.loozen@mediabenin.com,belgique,Vérouillé
Félix Mancuso,Kamil Nikodem(Kamillo),felix.mancuso@mediabenin.com,belgique
Camille Lepied,Aleksandra Grzmil,camille.lepied@mediabenin.com,belgique
Pauline Benazzi,Zosia Szczepaniak,pauline.benazzi@mediabenin.com,belgique
Elisa Verlicht,Aleksandra Wusiewicz,elisa.verlicht@mediabenin.com,belgique
Inès Dubois,Patrycja Marchewka,ines.dubois@mediabenin.com,belgique,Vérouillé
Yann Capelle,Krzysztof Błyskal,yann.capelle@mediabenin.com,belgique,Vérouillé
Martine Lescart,Nikola ES,martine.lescart@mediabenin.com,belgique
Doriane Demuler,Natalia Chomiak,doriane.demuler@mediabenin.com,belgique
Anais Teryn,Kasia Wionczek,anais.teryn@mediabenin.com,belgique
Victoire Meli,Aleksandra Ziółkowska,victoire.meli@mediabenin.com,belgique
Jeanne Baltus,Julia Szymanowska,jeanne.baltus@mediabenin.com,belgique,Vérouillé
Celestin Hogge,Aleksander Waśków,celestin.hogge@mediabenin.com,belgique
Alexandra Wauquelle,Viktoria Shestak,alexandra.wauquelle@mediabenin.com,belgique
Léa Hausman,Nikola Skonieczna,lea.hausman@mediabenin.com,belgique
Valentine Hatiez,Monika Wiśniewska,valentine.hatiez@mediabenin.com,belgique
Paula Denis,Karina Jańczak,paula.denis@mediabenin.com,belgique,Vérouillé
Philippine Guyaux,Klaudia Lackowska,philippine.guyaux@mediabenin.com,belgique
Charlotte Monho,Kinia Stempak,charlotte.monho@mediabenin.com,belgique,Vérouillé
Amélia Debroux,Ewelina Gilarska,amelia.debroux@mediabenin.com,belgique
Aurore Lambot,Asia Teodorowicz,aurore.lambot@mediabenin.com,belgique
Angèle Thiry,Ania Kaczmarek,angele.thiry@mediabenin.com,belgique
Axel Ghuys,Krzysztof Gryglewicz,axel.ghuys@mediabenin.com,belgique
Alexia Francaux,Angelika Żak,alexia.francaux@mediabenin.com,belgique
Simon Vandermaren,Jasiek Kęsior(pitbull ),simon.vandermaren@mediabenin.com,belgique
Shanice Scoyer,Ala Krzyżanowska,shanice.scoyer@mediabenin.com,belgique
Linda Bonnet,Ada Wiese(Ada Wiese),linda.bonnet@mediabenin.com,belgique,Vérouillé
Baptiste De Striel,Grzesiek Wasilew,baptiste.destriel@mediabenin.com,belgique
Corentin Clarat,Alexandra J Szarapowa,corentin.clarat@mediabenin.com,belgique
Léo Hoffmans,Adr Ian Machowski,leo.hoffmans@mediabenin.com,belgique
Adrien Jacquet1,Adam Mokrzycki,adrien.jacquet@allodfs.com,belgique,29,2,2000,M
Adrien Jacquet2,Adam Mokrzycki,adrien.jacquet@mediabenin.com,belgique
Timothy Hadari,Dawid Sojka,timothy.hadari@mediabenin.com,belgique
Nathan Declercq,Mikołaj Łuczak,nathan.declercq@mediabenin.com,belgique
Pierre Wilberg,Maciek Matuszewski,pierre.wilberg@mediabenin.com,belgique,Vérouillé
Harold Vico,Dawid Biedka,harold.vico@mediabenin.com,belgique
Chancelle Delahé,Sara Zaremba,chancelle.delahe@mediabenin.com,belgique
Amélie Manel,Marta Grabowska,amelie.manel@mediabenin.com,belgique
Simone Fany,Maja Lena,simone.fany@mediabenin.com,belgique
Charlotte Vitaly,Maja Lena,charlotte.vitaly@mediabenin.com,belgique 
Charlotte Vitaly,Maja Lena,charlotte.vitaly@allodfs.com,belgique 
Mélodie Hennen,Maja Jurczak,melodie.hennen@mediabenin.com,belgique
Victoire Ferrauge,Kinga Strzelczak,victoire.ferrauge@mediabenin.com,belgique
Nathanaelle Someville,Kasia Matusiak,nathanaelle.someville@mediabenin.com,belgique,Vérouillé
Clarisse Berguignon,Kasia Gradus(Kaniewska),clarisse.berguignon@mediabenin.com,belgique
Lauriette Baudoin,Julita Więckowska,lauriette.baudoin@mediabenin.com,belgique
Brice Burygnat,Wiktor Szpara,brice.burygnat@mediabenin.com,belgique
Lorie Viquaire,Julita Ślęzak,lorie.viquaire@mediabenin.com,belgique
Rose Thiamel,Julita Góralska,rose.thiamel@mediabenin.com,belgique
Lucas Hermal,Tomasz Ślęzak,lucas.hermal@mediabenin.com,belgique,Vérouillé
Michel Wauquez,Sebastian Cwinarowicz,michel.wauquez@mediabenin.com,belgique
Victor Scaletta,Maksymilian Kotuński,victor.scaletta@mediabenin.com,belgique
Bénoit Coppens,Kuba Kołodziej(Harnaś),benoit.coppens@mediabenin.com,belgique
Diana Vasas,Julia Majewska,diana.vasas@mediabenin.com,belgique
Loïc Ronchay,Damian Michał Kamiński,loic.ronchay@mediabenin.com,belgique
Lyne Keller,Iwona Duczemińska,lyne.keller@mediabenin.com,belgique
Blanche Amelys,Ewelina Eckert,blanche.amelys@mediabenin.com,belgique
Zoé Cuvalier,Andżelika Mirowska,zoe.cuvalier@mediabenin.com,belgique
Seb Fanes,Andrzej Kaczmarek,seb.fanes@mediabenin.com,belgique
Garance Lobelle,Agata Flaszczyńska,garance.lobelle@mediabenin.com,belgique
Ornella Labelle,Zuzanna Kowal,ornella.labelle@mediabenin.com,belgique
Suzanne Sylla,Simchuk Mashas,suzanne.sylla@mediabenin.com,belgique
Mathilde Lucas,Sandra Anna Turska,mathilde.lucas@mediabenin.com,belgique
Florian Delvaux,Pat Ryk,florian.delvaux@mediabenin.com,belgique,Vérouillé
Renaud Goebel,Michał Witek,renaud.goebel@mediabenin.com,belgique
Antonin Pironet,Mateusz Piasecki,antonin.pironet@mediabenin.com,belgique
Valentine Sneessens,Oliwia Borowska,valentine.sneessens@mediabenin.com,belgique
Eline Marez,Monika Czaja,eline.marez@mediabenin.com,belgique,Vérouillé
Mélanie Aglaé,Martusia Piotrowska,melanie.aglae@mediabenin.com,belgique
Roch Ostveen,Gregor Korzeniowski,roch.ostveen@mediabenin.com,belgique,Vérouillé
Edwin Dulieu,Krzysiek Erespe,edwin.dulieu@pegolab.com,belgique
Mathis Demay,Krystian Lalewicz,mathis.demay@pegolab.com,belgique
Erika Vaudoire,Julia Skrzyniarz,erika.vaudoire@pegolab.com,belgique
Zoé De Milde,Julia Kobiela,zoe.demilde@pegolab.com,belgique
Chloé Bégaux,Joanna Kubanek Kasznicka,chloe.begaux@pegolab.com,belgique
Raphaëlle Nemry,Gosia Pasternak,raphaelle.nemry@pegolab.com,belgique
Clémence Lambert,Emilia Michał Sochaccy,clemence.lambert@pegolab.com,belgique
Tanguy Boremans,Kondzio Adamowicz,tanguy.boremans@pegolab.com,belgique
Célia Moreels,Asia Chrzanowska,celia.moreels@pegolab.com,belgique
Hanna Deneve,Ania Lasoń,hanna.deneve@pegolab.com,belgique
Daphné Kendal,Ania Jasińska(Andzia),daphne.kendal@pegolab.com,belgique
Lionel Shiltz,Karol Landowski,lionel.shiltz@pegolab.com,belgique
Emma Smousse,Ania Jabczyk,emma.smousse@pegolab.com,belgique,Vérouillé
Kylian Gauthier,Jakub Plesiński,kylian.gauthier@pegolab.com,belgique
Luna Godfriaux,Ala Popiel,luna.godfriaux@pegolab.com,belgique
Kassandra Ryts,Agnieszka KO,kassandra.ryts@pegolab.com,belgique
Charly Rossignol,Dominik Barcicki,charly.rossignol@pegolab.com,belgique
Melissa Yvila,Ada Adrianna, melissa.yvila@pegolab.com,belgique
Clémence Lacroix,Patrycja Sobota,clemence.lacroix@pegolab.com,belgique
Mélina Duparque,Concept-tia Tine,melina.duparque@pegolab.com,belgique
Virginie Hatchémè,Winnie Mandela Kibinda,virginie.hatcheme@pegolab.com,belgique
Simone Hatondé,Acha Nam Nzita,simone.hatonde@pegolab.com,benin,13,11,1997,F
Fiacre Gbéton,Moïse Junior,fiacre.gbeton@pegolab.com,benin,16,11,1996,M
Fiona Dossou,Ghithy Mbk,fiona.dossou@pegolab.com,benin,19,10,1997,F
Oscar Dangnigbé,Emmanuel Tshibangu Kasonga,oscar.dangnigbe@pegolab.com,benin,14,11,1994,M
Fiacre Djossou,Nelson Nay,fiacre.djossou@pegolab.com,benin,10,11,1997,M
Géraldine Mikpon,Désirée Naflo,geraldine.mikpon@pegolab.com,benin,15,05,1998,F
Soline Dubois,Nataliaa Dziedzina,soline.dubois@pegolab.com,belgique
Ioana Melain,Natalia Natalia,ioana.melain@pegolab.com,belgique
Hector Colin,Michał Szmidt,hector.colin@pegolab.com,belgique
Perle Kinif,Eryka Kłosowska,perle.kinif@pegolab.com,belgique,Vérouillé
Romane Pederson,Dorota Sieradzka,romane.pederson@pegolab.com,belgique,Vérouillé
Théophile Lermineau,Mateusz Zwierzchlewski,theophile.lermineau@pegolab.com,belgique
Maurine Guot,Milena Wiśniewska,maurine.guot@pegolab.com,belgique
Lore Hubaux,Barbara Smolińska,lore.hubaux@pegolab.com,belgique
Tiziana Jacoby,Bożena Mucujanis,tiziana.jacoby@pegolab.com,belgique
Tina Delvaux,Agunia Bluma,tina.delvaux@pegolab.com,belgique,Vérouillé
Léna Canas,Natalia Matras(Szczepanik),lena.canas@pegolab.com,belgique
Nelly Wain,Natalia Krzyszczuk,nelly.wain@pegolab.com,belgique
William Debroux,Patryk Gwioździk,william.debroux@pegolab.com,belgique,Vérouillé
François Goethals,Martin Kopacz,francois.goethals@pegolab.com,belgique
Jules Depiesse,Marcin Bistroń(Mateusz),jules.depiesse@pegolab.com,belgique
Loïs Soupard,Grzegorz Sdwjwk,lois.soupard@mediabenin.com,belgique
Sebastien Copmans,Dawid Ozorowski,sebastien.copmans@pegolab.com,belgique
Clarisse Malacourt,Ada Arcimowicz,clarisse.malacourt@pegolab.com,belgique
Loane Rosart,Wiktoria Laura,loane.rosart@pegolab.com,belgique,Vérouillé
Josephine Steppé,Sylwunia Monika Wawrzyniak,josephine.steppe@pegolab.com,belgique
Cyprien Paquet,Krystian Kaczerewski,cyprien.paquet@pegolab.com,belgique
Perine Bouillon,Sara Zaremba,perine.bouillon@pegolab.com,belgique
Kyllian Stoop,Dominik Woźniak,kyllian.stoop@pegolab.com,belgique
Norah Recour,San Derka,norah.recour@pegolab.com,belgique,Vérouillé
Christophe Jamar,Cerry Nieznane,christophe.jamar@pegolab.com,belgique
Ambre Baugnies,Sabina Bittner,ambre.baugnies@pegolab.com,belgique
Lisandra Paijens,Olivia Poniewiera,lisandra.paijens@pegolab.com,belgique
Esther Druart,Paulina Mollus,esther.druart@pegolab.com,belgique
Sathya Devos,Paulina Kowolik,sathya.devos@pegolab.com,belgique,Vérouillé
Florine Dierickx,Magdalena Rytczak,florine.dierickx@pegolab.com,belgique
Jonas Mercier,Damian Pajkos,jonas.mercier@pegolab.com,belgique
Clovis Legrand,Tomasz Kubica,clovis.legrand@pegolab.com,belgique
Loris Capron,Sebastian Waszczuk,loris.capron@pegolab.com,belgique,Vérouillé
Mickael Leconte,Robert Bielicki,mickael.leconte@pegolab.com,belgique
Nell Dethier,Nikola Skonieczna,nell.dethier@pegolab.com,belgique
Thibaut Robert,Piotr Perzynski,thibaut.robert@pegolab.com,belgique,Vérouillé
Cyril Letor,Patryk Patryk,cyril.letor@pegolab.com,belgique
Tania Bertrand,Paulina Mollus,tania.bertrand@pegolab.com,belgique,Vérouillé
Amandine Viseur,Patrycja Sobota,amandine.viseur@pegolab.com,belgique
Lara Jeunieaux,Patrycja Patrycja,lara.jeunieaux@pegolab.com,belgique
Hadrien Urbain,Patryk Zawodny,hadrien.urbain@pegolab.com,belgique
Bernard Moretty,Patryk Figiela,bernard.moretty@pegolab.com,belgique
Morel Foucault,Oskar Oskar,morel.foucault@pegolab.com,belgique
Boris Pierson,Mikołaj Chilecki	,boris.pierson@pegolab.com,belgique
Eva Vinqz,Patrycja Komorowska,eva.vinqz@pegolab.com,belgique
Sophie Duquenne,Oliwia Mela,sophie.duquenne@pegolab.com,belgique
Taddeo Correlli,Maks Fedorczak,taddeo.correlli@pegolab.com,belgique
Francine Richoux,Oliwia Mela,francine.richoux@pegolab.com,belgique
Cinthya Losseau,Ola Dziębowska,cinthya.losseau@pegolab.com,belgique
Andréa Glineur,Nina J. Swarowska,andrea.glineur@pegolab.com,belgique
Clara Wallon,Natalka Budniewska,clara.wallon@pegolab.com,belgique,Vérouillé
Rachel Gaupin,Natalia Natalia,rachel.gaupin@pegolab.com,belgique
Constantin Lermusieaux,Łukasz Sieradzki,constantin.lermusieaux@pegolab.com,belgique
Constantin Lermusieaux2,Łukasz Sieradzki,constantin.lermusieaux@mediabenin.com,belgique,Vérouillé
Arthur Flaurin,Łukasz Kurlej,arthur.flaurin@pegolab.com,belgique,25,8,1999,M
Arthur Flaurin2,Łukasz Kurlej,arthur.flaurin@mediabenin.com,belgique,22,3,2003,M
Callista Chauvin,Małgorzata Swojak(Markowska),callista.chauvin@pegolab.com,belgique
Sylvain Delpire,Krzysiek Erespe,sylvain.delpire@pegolab.com,belgique,Vérouillé
Aline Perceval,Natalia Czama,aline.perceval@pegolab.com,belgique
Enola Wibier,Monika Czernik,enola.wibier@pegolab.com,belgique,17,11,1999,F,Vérouillé
Enola Wibier2,Monika Czernik,enola.wibier@mediabenin.com,belgique,9,9,2000,F
Fiona Baland,Marcela Klepuszewska,fiona.baland@pegolab.com,belgique,Vérouillé
Maeva Hupez,Małorzata Michalik,maeva.hupez@pegolab.com,belgique,16,12,1999,F
Maeva Hupez2,Małorzata Michalik,maeva.hupez@mediabenin.com,belgique,19,3,2001,F
Lisa Curon,Magdalena Taraziewicz,lisa.curon@pegolab.com,belgique
Emy Guillin,Luiza Smektała,emy.guillin@pegolab.com,belgique
Roxane Ladrière,Kornelia Olearnik,roxane.ladriere@pegolab.com,belgique
Amélie Butayé,Klaudia Chryc,amelie.butaye@pegolab.com,belgique
Evita Cyran,Karolina Cierpiał,evita.cyran@pegolab.com,belgique
Juliane Dandois,Paulina Winiarska,juliane.dandois@pegozone.com,belgique
Antoinette Hennequart,Paulina Sobota,antoinette.hennequart@pegozone.com,belgique,Vérouillé
Blandine Sossou,Anne Marie Maroundou,blandine.sossou@pegozone.com,benin,18,10,1996,F
Grâce Vigan,Alteya Afane,grace.vigan@pegozone.com,benin,20,01,1986,F
Eliott Meessen,Przemek Malek, eliott.meessen@pegozone.com,belgique
Orlane Bruyère,Natalia Kamila Ciołek,orlane.bruyere@pegozone.com,belgique
Benjamine Vikpon,Andy Lachanes,benjamine.vikpon@pegozone.com,benin,14,05,1981,F
Séverin Yao,Danna Idriss Labany,severin.yao@pegozone.com,benin,20,01,1997
Gabriel Djegui,Erick Martial Pea Essono,gabriel.djegui@pegozone.com,benin,25,01,2995,M
Brunelle Agossou,Cedrina Tsango Doukaga,brunelle.agossou@pegozone.com,benin18,12,1998,F
Clémence Gbèmènou,Rodline Corliane,clemence.gbemenou@pegozone.com,benin,20,02,1999,F
Lucien Aheko,Kodjo Anicet Amegee,lucien.aheko@pegozone.com,benin,17,09,1997,M
Armand Salako,Lewis Mapangou,armand.salako@pegozone.com,benin16,01,1999,M
Alfred Agbanou,Arka Mouketou,alfred.agbanou@pegozone.com,benin,04,03,1998,M
Patrick Avocegan,Adisking Sanyaz,patrick.avocegan@pegozone.com,benin,20,03,1994,M
Anette Codjia,Brenda Monela Nkori,anette.codjia@pegozone.com,benin,17,02,1991,F
Jonas Ahandé,Arsene Mbili,jonas.ahande@pegozone.com,benin,03,02,1991,M
Nicolas Olorin,Dérrick Maureen,nicolas.olorin@pegozone.com,benin,12,10,1997,M
Abel Sèmako,Eljoenal Kayas(ChefElie),abel.semako@pegozone.com,benin,22,02,1994,M
Kevin Oké,Samuel Ekwamoukouri,kevin.oke@pegozone.com,benin,04,01,1999,M
Achille Adébayo,Achille Adébayo,achille.adebayo@pegozone.com,benin,06,03,1982,M
Pinelle Baglo,Franchelle Bouyangha,pinelle.baglo@pegozone.com,benin,05,04,1997,F
Robert Dako,Teddy O'nel Bongo,robert.dako@pegozone.com,benin,18,04,1996,M
Adolphe Akacha,Bercy Lékoubè,adolphe.akacha@pegozone.com,benin,11,03,1997,M
Edwige Tossou,Jad Moussavou,edwige.tossou@pegozone.com,benin,14,10,1998,F
Raïma Djimon,Juliana Fille du Coeur,raima.djimon@pegozone.com,benin,20,02,2000,F
Mira Dahito,Kemie Mbatchy,mira.dahito@pegozone.com,benin,22,04,1997,F
Casimir Aitchéou,Celestin Assoumou Akwe,casimir.aitcheou@pegozone.com,benin,03,05,1994,M
Solange Afangbon,Laurence Kinto(The best),solange.afanbon@pegozone.com,benin,23,11,1999,F
Martin Nombimè,Luc Cedric (luccedric10.nzome),martin.nombime@pegozone.com,benin,13,05,1993,M
Léandre Hounkpè,Pascal Alima,leandre.hounkpe@pegozone.com,benin,17,10,1995,M
Sonia Hounkanri,Lolo Furla,sonia.hounkanri@pegozone.com,benin,22,10,1998,F
Gérard Sonou,Raphaël Ndong Abessolo,gerard.sonou@pegozone.com,benin,26,02,1996,M
Fawaz Bissiriou,Christ Junel Lebondo,fawaz.bissiriou@pegozone.com,benin,13,09,1999,M
Franck Agbo,Arlet Nzatsi-kasse,franck.agbo@pegozone.com,benin,09,09,1997,M
Corine Adjovi,Becky Becker Lembo,corine.adjovi@pegozone.com,benin,14,03,1996,F
Raoul Ahodan,Beni Moudiongui,raoul.ahodan@pegozone.com,benin,14,12,1993,M
Konrad Hounsou,Exaucé Trésor,konrad.hounsou@pegozone.com,benin,23,04,1996,M
Estelle Badou,Louisette Ayiveghe,estelle.badou@pegozone.com,benin,22,03,1986,F
Innocentia Davodoun,,innocentia.davodoun@pegozone.com,benin,16,03,1995,F
Carine Adjidowé,Malack Nehme,carine.adjidowe@pegozone.com,benin,05,08,1998,F
Eyitayo Yodolou,Malack Nehme,eyitayo.yodolou@pegozone.com,benin,10,08,1999,F
Prunelle Kpohazoun,Miliam Mabedi(Mbappe),prunelle.kpohazoun@pegozone.com,benin,15,10,1998,F
Murielle Fatondji,Miska Moud,murielle.fatondji@pegozone.com,benin,25,11,1996,F
Christiane Sounton,Mxlle Marlyne,christiane.sounton@pegozone.com,benin,11,04,1998,F
Olamidé Yessoufou,Neige Lekami,olamide.yessoufou@pegozone.com,benin,09,12,1996,F
Maurelle Houéto,Neige Lekami,maurelle.houeto@pegozone.com,benin,21,10,2000,F
Christelle Amoussouvi,Paulina Jadene Mab's,christelle.amoussouvi@pegozone.com,benin,13,03,2000,F
Irène Satomey,Bettina Luz Nze,irene.satomey@pegozone.com,benin,19,09,1994,F
Richard Djihokin,Aurelie Massoukou (garçon),richard.djihokin@pegozone.com,benin,15,02,1995,M
Djibril Souley,Dinzambou Joel,djibril.souley@pegozone.com,benin,14,10,1997,M
Isaac Akoni,Guy Roger Lekami,isaac.akoni@pegozone.com,benin,13,03,1999,M
Immaculée Dakpogan,Daisy Moussavou,immaculee.dakpogan@pegozone.com,benin,18,04,1999,F
Armand Loko,Ibrahim Shuraim,armand.loko@pegozone.com,benin,03,05,1997,M
Candide Ahouansè,Jean-Paul Gneupa Lebourgeois,candide.ahouanse@pegozone.com,benin,06,11,1985,M
Rodrigue Kakpo,Loys Ng Massimba,rodrigue.kakpo@pegozone.com,benin,08,11,2001,M
Nicolas Houessou,Ōrpā Orp'a,nicolas.houessou@pegozone.com,benin,05,11,1997,M
Maxime Hounkanrin,Raustel Ngoma,maxime.houkanrin@pegozone.com,benin,05,05,1999,M
Elvis Hessou,Stéphan Foutou,elvis.hessou@pegozone.com,benin,24,01,1997,M
Abiola Yacoubou,Yves Mfundu Wolo,abiola.yacoubou@pegozone.com,benin,14,03,1998,M
Hugues Bagoudou,Yannick Diwo - Soule Daouda,hugues,bagoudou@pegozone.com,benin,15,02,2001,M
Lionel Todonou,Teddy O'nel Bongo,lionel.todonou@pegozone.com,benin,08,06,1990,M
Féline Toupé,Raissa Ipolo,feline.toupe@pegozone.com,benin,27,09,2001,F
Victor Fanvi,Stéphan Foutou,victor.fanvi@pegozone.com,benin,27,09,2001,M
Pamphile Houndjè,Lewis Mapangou,pamphile.houndje@pegozone.com,benin,12,12,1993,M
Léa Aliho,Kärlînä Älëxôdíê,lea.aliho@pegozone.com,benin,28,10,2001,F
Malick Azad,Jean-Paul Gneupa Lebourgeois,malick.azad@pegozone.com,benin,4,07,1999,M
Espérance Houdété,Kärlînä Älëxôdíê,esperance.houndete@pegozone.com,benin,16,09,1997,F
Fulbert Amouzoun,Arka Mouketou,fulbert.amouzoun@pegozone.com,benin,15,01,1997,M
Alain Gnanho,Adam Gaëls,alain.gnanho@pegozone.com,benin,19,09,2003,M
Gaëlle Kouchémè,Doina Varelle Lebessi,gaelle.koucheme@pegozone.com,benin,3,04,2002,F
Charbel Akponon,Christian Ignace Salalongo,charbel.akponon@pegozone.com,benin,25,07,2000,M
Kevin Dadjou,Arsene Mbili,kevin.dadjou@pegozone.com,benin,26,10,2000,M
Rosaire Vissingla,Dan Ngonga,rosaire.vissingla@pegozone.com,benin,28,02,2001,M
Francis Bogan,Moïse Junior,francis.bogan@pegozone.com,benin,2,11,1999,M
Milène Mèhou,Kärlînä Älëxôdíê,milene.mehou@pegozone.com,benin,4,03,2001,F
Nadège Hounkpè,Kärlînä Älëxôdíê,nadege.hounkpe@pegozone.com,benin,5,07,1999,F
Bénédicte Bamènou,Kärlînä Älëxôdíê,benedicte.bamenou@pegozone.com,benin,4,janv,2000,F
Badiath Imrane,Kärlînä Älëxôdíê,badiath.imrane@pegozone.com,benin,20,12,1997,F
Divine Assan,Hermine Pamissia,divine.assan@pegozone.com,benin,15,01,1998,F
William Sognigbe,Adam Gaëls,william.sognigbe@pegozone.com,benin,8,aoû,1997,M
Deo Gratias Codjia,Guy Ibouliga,deogratias.codjia@pegozone.com,benin,8,09,1999,M
Miguel Okambawa,Dinzambou Joel,miguel.okambawa@pegozone.com,benin,15,03,1998,M
Landry Djossa,Gess Mbina,landry.djossa@mediabenin.com,benin,13,02,2002,M
Enock Accrombessi,Arsene Mbili,enock.accrombessi@mediabenin.com,benin,9,03,2000,M
Adebayo Issifou,João Pedro Santos,adebayo.issifou@mediabenin.com,benin,8,11,2001,M
Gildas Fidéhan,Jordy Yoan Wengi,gildas.fidehan@pegozone.com,benin,22,03,2003,M
Alice Edikou,Kärlînä Älëxôdíê,alice.edikou@mediabenin.com,benin,14,11,1997,F
Christian-Marie Atchokossi,Lewis Mapangou,christianmarie.atchokossi@mediabenin.com,benin,9,aoû,1998,M
Raymond Goudjo,Kodjo Anicet Amegee,raymond.goudjo@pegozone.com,benin,2,02,1999,M
Josué Goudjo,Guyleon Badjoko Wa Lileko,josue.goudjo@pegozone.com,benin,4,12,2001,M
Lazare Hounyigbénan,Gurshwin Wehr Wehr,lazare.hounyigbenan@allodfs.com,benin,18,07,1991,M
Hector Konnonhoun,Gurshwin Wehr Wehr,hector.konnonhoun@pegozone.com,benin,28,07,2001,M
Jonas odanta,Gurshwin Wehr Wehr,jonas.odanta@pegozone.com,benin,27,03,1998,M
Vivien Sabi,Beni Moudiongui,vivien.sabi@allodfs.com,benin,11,04,2002,M
Gildas Golo,Orpy Mouele,gildas.golo@allodfs.com,benin,9,10,1998,M
Victor Akélé,Orpy Mouele,Victor.akele@mediabenin.com,benin,10,10,1997,F
Cholas Gourou,Orpy Mouele,cholas.gourou@allodfs.com,benin,13,12,2001,M
Alex Hountondji,Orpy Mouele,alex.hountondji@pegozone.com,benin,16,11,2003,M
Hugues Okambawa,Yves Mfundu Wolo,hugues.okambawa@mediabenin.com,benin,14,01,1997,M
Bauric Vatinkpa,Yves Mfundu Wolo,bauric.vatinkpa@allodfs.com,benin,2,12,1999,M
Landry Kpadonou,Yves Mfundu Wolo,landry.kpadonou@allodfs.com,benin,8,09,1998,M
Isaac Sabi,Teddy O'nel Bongo,isaac.sabi@mediabenin.com,benin,3,01,1996,M
Esaïe Mahougnon,Serge Junior,esaie.mahougnon@mediabenin.com,benin,18,04,2004,M
Mariano Sègla,Stéphan Foutou,mariano.segla@mediabenin.com,benin,13,03,2002,M
Charbel Dakossi,Serge Junior,charbel.dakossi@mediabenin.com,benin,18,06,2001,M
Christopher Mahugnon,Momo Kiouyaté,christopher.mahugnon@mediabenin.com,benin,22,05,1998,M
Francis Yakassou,Momo Kiouyaté,francis.yakassou@mediabenin.com,benin,27,03,2001,M
Nadine Fiossi,Amina Djoumoi(Swety),nadine.fiossi@allodfs.com,benin,16,12,2005,F
Kouamina Soumane,Amina Djoumoi(Swety),kouamina.soumane@allodfs.com,benin,13,06,2002,F.
Divine Alèvi,Amina Djoumoi(Swety),divine.alevi@pegozone.com,benin,11,06,2004,F
Carlos Latchi,Vincent Ngonga,carlos.latchi@allodfs.com,benin,15,04,2003,M
Kevin Gboyo,Beni Moudiongui,kevin.gboyo@mediabenin.com,benin,11,02,2004,M
Lambert Dankpan,Christian Ignace Salalongo,lambert.dankpan@pegozone.com,benin,26,12,2006,M
Childas Vlavonou,Christian Ignace Salalongo,childas.vlavonou@allodfs.com,benin,5,08,1998,M
Florent Amatcha,Gess Mbina,florent.amatcha@pegozone.com,benin,15,04,2003,M
Gätien Lougbo,Erick Martial Pea Essono,gatien.lougbo@mediabenin.com,benin,4,12,2003,M
Eric Tossavi,Guy Ibouliga,eric.tossavi@mediabenin.com,benin,21,06,2004,M
David Souvi,Gurshwin Wehr Wehr,david.souvi@pegozone.com,benin,11,03,2001,M
Philippe Akué,Koffi Kouamé Jessé Israël,philippe.akue@allodfs.com,benin,20,12,2001,M
Gabriel Jesugnon,Koffi Kouamé Jessé Israël,gabriel.jesugnon@pegozone.com,benin,11,06,1999,M
Nestor Godé,Koffi Kouamé Jessé Israël,nestor.gode@mediabenin.com,benin,24,03,2000,M
Florent Akué,Koffi Kouamé Jessé Israël,florent.akue@pegozone.com,benin,2,01,2000,M
Georges Adobouè,Koffi Kouamé Jessé Israël,georges.adoboue@allodfs.com,benin,25,09,1998,M
Potin Towênawa,Koffi Kouamé Jessé Israël,potin.towenawa@pegozone.com,benin,1,08,2001,M
Tinah Pothin,Ruth Andrée Bühler,tinah.pothin@mediabenin.com,benin,28,12,2000,F
Armande Matoudji,Ruth Andrée Bühler,armande.matoudji@pegozone.com,benin,7,04,2002,F
Ella Djêli,Ruth Andrée Bühler,ella.djeli@mediabenin.com,benin,1,03,2000,F
Bernard Tolodé,Paul Houndjiffo - Momo Kiouyaté,bernard.tolode@mediabenin.com,benin,27,05,1998,M
Gabin Towênawa,Paul Houndjiffo - Momo Kiouyaté,gabin.towenawa@pegozone.com,benin,9,06,2000,M
Moussa Fambo,Paul Houndjiffo - Momo Kiouyaté,moussa.fambo@allodfs.com,benin,23,02,1997,M
Serge Lanvi,Paul Houndjiffo - Momo Kiouyaté,serge.lanvi@pegozone.com,benin,24,06,2002,M
Isaac Adjaï,Paul Houndjiffo - Momo Kiouyaté,isaac.adjai@pegozone.com,benin,3,07,1999,M
Janvier Houansou,Paul Houndjiffo - Momo Kiouyaté,janvier.houansou@allodfs.com,benin,18,10,1996,M
Gregoire Houessou,Paul Houndjiffo - Momo Kiouyaté,gregoire.houessou@pegozone.com,benin,16,05,1998,M
Béatrice Lawani,Ruth Andrée Bühler,beatrice.lawani@mediabenin.com,benin,14,07,1997,F
Lisa Atindehou,Ruth Andrée Bühler,lisa.atindehou@pegozone.com,benin,13,05,2001,F
Ismael Housseni,Paul Houndjiffo - Momo Kiouyaté,ismael.housseni@pegozone.com,benin,19,05,1998,M
Jules Atchade,Paul Houndjiffo - Momo Kiouyaté,jules.atchade@mediabenin.com,benin,22,10,2004,M
Lorie Ekpanga,Kärlînä Älëxôdíê,lorie.ekpanga@pegozone.com,benin,14,05,1996,F
Razack Afolabi,Yannick Diwo - Soule Daouda,razack.afolabi@pegozone.com,benin,15,01,1999,M
Validek Abihoyé,Yannick Diwo - Soule Daouda,validek.abihoye@pegozone.com,benin,17,05,2000,F
Josephine Milaho,Kärlînä Älëxôdíê,josephine.milaho@mediabenin.com,benin,22,02,1999,F
Joël Loko,Yannick Diwo - Soule Daouda,joel.loko@pegozone.com,benin,25,05,1996,M
Lirène Affo,Kärlînä Älëxôdíê,lirene.affo@mediabenin.com,benin,11,11,1996,F
Arsène Akapo,Yannick Diwo - Soule Daouda,arsene.akapo@pegozone.com,benin,14,01,2002,M
Credo Abiodun,Yannick Diwo - Soule Daouda,credo.abiodun@allodfs.com,benin,1,10,2003,M
Yvan Dedi,Yannick Diwo - Soule Daouda,yvan.dedi@mediabenin.com,benin,18,12,1998,M
Mohamed Dandikoye,Yannick Diwo - Soule Daouda,mohamed.dandikoye@mediabenin.com,benin,15,08,1999,M
Germain Otekpola,Sèbè Lamine Bamba,germain.otekpola@allodfs.com,benin,5,12,1998,M
Faouzane Issoufou,Sèbè Lamine Bamba,faouzane.issoufou@mediabenin.com,benin,5,02,1998,M
Cédric Fagueyibo,Sèbè Lamine Bamba,cedric.fagueyibo@pegozone.com,benin,15,01,2004,M
Eustache Akindé,Sèbè Lamine Bamba,eustache.akinde@allodfs.com,benin,20,03,2003,M
Sidoine Azonneffo,Sèbè Lamine Bamba,sidoine.azonneffo@allodfs.com,benin,26,04,1996,M
Gilbert Zinsou,Sèbè Lamine Bamba,gilbert.zinsou@mediabenin.com,benin,15,05,1999,M
Boris Morou,Sèbè Lamine Bamba,boris.morou@allodfs.com,benin,12,06,1997,M
Jean Agossou,Sèbè Lamine Bamba,jean.agossou@allodfs.com,benin,15,01,2003,M
Olayide Halik,Sèbè Lamine Bambak,olayide.halik@allodfs.com,benin,21,05,1997,M
Constantin Fannou,Sèbè Lamine Bamba,constantin.fannou@allodfs.com,benin,11,08,2001,M
Rosène Gnavossou,Kärlînä Älëxôdíê,rosene.gnavossou@pegozone.com,benin,24,11,2003,F
Charbel Gandjao,Sèbè Lamine Bamba,charbel.gandjao@allodfs.com,benin,9,10,1996,M
Richard Boloukpè,Ulrich le Lobikamois,richard.boloukpe@allodfs.com,benin,7,07,2002,M
Fréjus Dotonou,Ulrich le Lobikamois,frejus.dotonou@allodfs.com,benin,15,07,1999,M
Mandelëiv Akavi,Ulrich le Lobikamois,mandeleiv.akavi@mediabenin.com,benin,2,06,1998,M
Florent Katchon,Ulrich le Lobikamois,florent.katchon@pegozone.com,benin,21,09,1999,M
Loussia Alakbah,Kärlînä Älëxôdíê,loussia.alakbar@pegozone.com,benin,8,05,2000,M
Omar Salifou,Ulrich le Lobikamois,omar.salifou@mediabenin.com,benin,4,01,2004,M
Issa Amadji,Ulrich le Lobikamois,issa.amadji@allodfs.com,benin,28,08,2003,M
Nicaise Aclinou,Ulrich le Lobikamois,nicaise.aclinou@pegozone.com,benin,26,07,1997,M
Aïcha Amoussou,Ruth Andrée Bühler,aicha.amoussou@pegozone.com,benin,13,09,1996,F
Ferdinand Amou,Mamadou Dabo,ferdinand.amou@mediabenin.com,benin,25,05,2004,M
Marcel Kassouin,Aboubacar Maimouna Camara,marcel.kassouin@mediabenin.com,benin,15,11,2000,M
Lancis Nouton,Mozisse Mouhid(Thug boy),lancis.nouton@allodfs.com,benin,11,06,2002,M
Pineza Djima,Cecilia Léonelle Ricordeau,pineza.djima@pegozone.com,benin,1,09,2004,F
Freddy Tossa,Mozisse Mouhid(Thug boy),freddy.tossa@mediabenin.com,benin,8,01,1998,M
Ferdino Kougbla,Mozisse Mouhid(Thug boy),ferdino.kougbla@mediabenin.com,benin,25,12,1997,M
Dosseh Jesuton,Mozisse Mouhid(Thug boy),dosseh.jesuton@pegozone.com,benin,9,09,2001,M
Kev Yahué,Mozisse Mouhid(Thug boy),kev.yahue@mediabenin.com,benin,23,01,2002,M
Géneviève Adrou,Cecilia Léonelle Ricordeau,genevieve.adrou@allodfs.com,benin,15,03,2002,F
Philippe Djessou,Mozisse Mouhid(Thug boy),philippe.djessou@mediabenin.com,benin,5,08,2000,M
Franck Akodogbo,Mozisse Mouhid(Thug boy),franck.akodogbo@pegozone.com,benin,15,09,2003,M
Nel Alli,Mozisse Mouhid(Thug boy),nel.alli@allodfs.com,benin,25,12,1999,M
Tiffania Dossou,Cecilia Léonelle Ricordeau,tiffania.dossou@mediabenin.com,benin,22,04,2000,F
Fortune Segnigan,Cecilia Léonelle Ricordeau,fortune.segnigan@mediabenin.com,benin,22,10,2000,F
Hamid Boriou,Mozisse Mouhid(Thug boy),hamid.boriou@allodfs.com,benin,21,08,2004,M
Modesta Bola,Cecilia Léonelle Ricordeau,modesta.bola@mediabenin.com,benin,9,12,1998,F
Freddy Vignon,Mozisse Mouhid(Thug boy),freddy.vignon@pegozone.com,benin,2,05,2003,M
Roméo Ondo,Mozisse Mouhid(Thug boy),romeo.ondo@pegozone.com,benin,8,07,2004,M
Junior Molo,Mozisse Mouhid(Thug boy),junior.molo@mediabenin.com,benin,19,08,1996,M
Leader Moloverya,Mozisse Mouhid(Thug boy),leader.moloverya@mediabenin.com,benin,16,06,2000,M
Brivael Mako,Mozisse Mouhid(Thug boy),brivael.mako@pegozone.com,benin,20,06,2000,M
Matinez Hessoukpe,Mozisse Mouhid(Thug boy),matinez.hessoukpe@mediabenin.com,benin,6,01,2002,M
Maurice Fangnon,Mozisse Mouhid(Thug boy),maurice.fangnon@pegozone.com,benin,20,05,2004,M
Aristide Aguégué,Mozisse Mouhid(Thug boy),aristide.aguegue@allodfs.com,benin,14,02,2003,M
Sando Adjokê,Mozisse Mouhid(Thug boy),sando.adjoke@allodfs.com,benin,6,07,1997,M
Trésor Fifontin,Mozisse Mouhid(Thug boy),tresor.fifontin@mediabenin.com,benin,11,06,2002,M
Martine Eglozin,Cecilia Léonelle Ricordeau,martine.eglozin@mediabenin.com,benin,19,08,2004,F
Ben Fagla,Mozisse Mouhid(Thug boy),ben.fagla@pegozone.com,benin,16,05,2000,M
Victor Sahgui,Mozisse Mouhid(Thug boy),victor.sahgui@pegozone.com,benin,24,06,2004,M
Judith Adékambi,Cecilia Léonelle Ricordeau,judith.adekambi@mediabenin.com,benin,8,06,1997,F
Romuald Badarou,Mozisse Mouhid(Thug boy),romuald.badarou@mediabenin.com,benin,8,01,2002,M
Honoré Tegnami,Mozisse Mouhid(Thug boy),honore.tegnami@pegozone.com,benin,20,02,2000,M
Martia Kiki,Cecilia Léonelle Ricordeau,martia.kiki@mediabenin.com,benin,17,10,2002,F
Judicaël Loko,Mozisse Mouhid(Thug boy),judicael.loko@mediabenin.com,benin,26,12,2002,M
Gentiny Sossou,Mozisse Mouhid(Thug boy),gentiny.sossou@allodfs.com,benin,17,02,2002,M
Faryce Toukrou,Mozisse Mouhid(Thug boy),faryce.toukrou@pegozone.com,benin,22,01,2002,M
Béni Halaho,Mozisse Mouhid(Thug boy),beni.halaho@pegozone.com,benin,10,09,1998,M
Imorou Kouagou,Mamoudou Bilal,imorou.kouagou@pegozone.com,benin,27,01,2002,M
Paulin Djalilou,Mamoudou Bilal,paulin.djalilou@mediabenin.com,benin,20,02,2002,M
David Aguiar,Moses de Milan,david.aguiar@mediabenin.com,benin,4,11,2004,M
Jawad Noureni,Moses de Milan,jawad.noureni@allodfs.com,benin,25,03,1996,M
Caleb Dinsou,Moses de Milan,caleb.dinsou@allodfs.com,benin,28,02,2003,M
Lysias Koudoirè,Moses de Milan,lysias.koudoire@mediabenin.com,benin,13,02,1997,M
Martin Ntcha,Moses de Milan,martin.ntcha@pegozone.com,benin,16,09,2002,M
Moïse Gnida,Aboubacar Sylla,moise.gnida@pegozone.com,benin,15,11,2002,M
Hélène Marion,Ada Adrianna,helene.marion@mediabenin.com,belgique,17,12,1999,F
Godwin Koda,Aboubacar Sylla,godwin.koda@allodfs.com,benin,8,03,1998,M
Damien Ezin,Aboubacar Sylla,damien.ezin@pegozone.com,benin,25,06,1996,M
Sonia Mahou,Nguéré Grâce,sonia.mahou@pegozone.com,benin,19,08,2000,F
Alice Kone,Nguéré Grâce,alice.kone@allodfs.com,benin,20,03,1999,F
Ulrich Ligan,Aboubacar Sylla,ulrich.ligan@mediabenin.com,benin,6,06,2004,M
Franck Gbodogli,Aboubacar Sylla,franck.gbodogli@allodfs.com,benin,19,06,2001,M
Clara Akotegnon,Nguéré Grâce,clara.akotegnon@mediabenin.com,benin,9,05,2003,F
Odette Atou,Nguéré Grâce,odette.atou@pegozone.com,benin,7,06,2002,F
Kouss Ayélabola,Aboubacar Sylla,kouss.ayelabola@mediabenin.com,benin,6,06,2000,M
Estella Zannou,Nguéré Grâce,estella.zannou@mediabenin.com,benin,18,04,2003,F
Edwige Whalakouè,Nguéré Grâce,edwige.whalakoue@mediabenin.com,benin,19,07,1996,F
Rosy Goudjanou,Nguéré Grâce,rosy.goudjanou@pegozone.com,benin,12,03,1999,F
Armel Chabi,Aboubacar Sylla,armel.chabi@pegozone.com,benin,10,07,1997,M
Marvel Agbalo,Aboubacar Sylla,marvel.agbalo@pegozone.com,benin,15,09,1999,M
Alassane Fadjèbé,Calvados Track,alassa.fadjebe@allodfs.com,benin,28,04,1999,M
Sabin Kougbla,Calvados Track,sabin.kougbla@allodfs.com,benin,25,11,2002,M
Merveille Soglohoun,Nguéré Grâce,merveille.soglohoun@pegozone.com,benin,6,05,1996,F
Joël Akovohouande,Calvados Track,joel.akovohouande@pegozone.com,benin,13,01,2002,M
Donatien Salley,Calvados Track,donatien.salley@mediabenin.com,benin,4,03,1996,M
Donasco Sanganou,Calvados Track,donasco.sanganou@mediabenin.com,benin,18,05,1996,M
Damienne Kpadonou,Nguéré Grâce,,damienne.kpadonou@allodfs.com,benin,28,10,2003,F
Paul Klo,Calvados Track,paul.klo@allodfs.com,benin,1,08,1998,M
Godson Adido,Calvados Track,godson.adido@allodfs.com,benin,21,04,2002,M
Uzi Arouko,Calvados Track,uzi.arouko@pegozone.com,benin,20,04,2002,M
Serge Taïwo,Calvados Track,serge.taiwo@allodfs.com,benin,25,04,2000,M
Duker Aloukou,Calvados Track,duker.aloukou@allodfs.com,benin,2,08,2003,M
Aury Idohou,Calvados Track,aury.idohou@pegozone.com,benin,23,06,2003,M
Saliou Yashdine,Calvados Track,saliou.yashdine@mediabenin.com,benin,9,03,2003,M
Modeste Gougbenou,Calvados Track,modeste.gougbenou@pegozone.com,benin,3,03,1998,M
Martial Kakpo,Calvados Track,martial.kakpo@pegozone.com,benin,20,09,1997,M
Clément Olou,Calvados Track,clement.olou@pegozone.com,benin,27,07,2003,M
Aneudox Djotchou,Calvados Track,aneudox.djotchou@pegozone.com,benin,3,05,1996,M
Débora Dénakpo,Nguéré Grâce,,debora.denakpo@mediabenin.com,benin,7,10,2001,F
Frédy Amilokpè,Calvados Track,fredy.amilokpe@mediabenin.com,benin,7,05,1996,M
Maxbedel Houessou,Calvados Track,maxbedel.houessou@mediabenin.com,benin,18,08,2001,M
Laurent Azon,Calvados Track,laurent.azon@allodfs.com,benin,21,09,2003,M
Théophile Ajibade,Calvados Track,theophile.ajibade@pegozone.com,benin,12,09,1999,M
Romuald Ogawin,Calvados Track,romuald.ogawin@allodfs.com,benin,17,06,2003,M
Mikel Goutolou,Calvados Track,mikel.goutolou@pegozone.com,benin,3,11,2003,M
Obed Koto,Calvados Track,obed.idriss@pegozone.com,benin,23,06,1996,M
Roméo Attadedji,Calvados Track,romeo.koto@mediabenin.com,benin,28,09,2003,M
Idriss Dagbo,Calvados Track,idriss.dagbo@pegozone.com,benin,12,08,2002,M
Louis Tèko,Calvados Track,louis.teko@allodfs.com,benin,13,07,2000,M
Hermann Donhouédé,Calvados Track,hermann.donhouede@mediabenin.com,benin,3,07,2003,M
Elisé Bio,Calvados Track,elise.bio@pegozone.com,benin,21,08,2004,F
Philippe Sègbégnon,Calvados Track,philippe.segbegnon@allodfs.com,benin,18,12,2002,M
Djamal Adi,Calvados Track,djamal.adi@mediabenin.com,benin,22,06,1997,M
Arnaud Gbénoukossi,Calvados Track,arnaud.gbenoukossi@allodfs.com,benin,18,10,2001,M
Gabinos Anan,Calvados Track,gabinos.anan@allodfs.com,benin,25,04,1999,M
Samuel Adewale,Calvados Track,samuel.adewale@mediabenin.com,benin,15,06,1998,M
Idohou Kotchikpa,Calvados Track,idohou.kotchikpa@pegozone.com,benin,12,10,1998,M
Hervé Araba,Calvados Track,herve.araba@pegozone.com,benin,22,01,1999,M
Fadel Moulero,Calvados Track,fadel.moulero@pegozone.com,benin,9,11,1996,M
Orobiyi Adjovi,Calvados Track,orobiyi.adjovi@pegozone.com,benin,20,09,2004,M
Roger Téklé,Calvados Track,roger.tekle@pegozone.com,benin,18,06,1996,M
Abraham Houssouhoué,Calvados Track,abraham.houssouhoue@pegozone.com,benin,23,02,1998,M
Bidèle Jamilou,Nguéré Grâce,bidele.jamilou@allodfs.com,benin,6,12,1997,F
Adam Nasser,Calvados Track,adam.nasser@allodfs.com,benin,14,09,1998,M
Mohamed Abdoul,Calvados Track,mohamed.abdoul@pegozone.com,benin,26,04,2002,M
Olive Megnigbéto,Calvados Track,olive.megnigbeto@pegozone.com,benin,4,09,2000,M
Marcel Kiba,Calvados Track,marcel.kiba@mediabenin.com,benin,12,08,1997,M
Eric Doussoh,Calvados Track,eric.doussoh@pegozone.com,benin,6,09,2001,M
Morid Adedjouman,Calvados Track,morid.adedjouman@allodfs.com,benin,25,07,2001,M
Aaron Fanou,Calvados Track,aaron.fanou@mediabenin.com,benin,18,12,2002,M
Géraldine Sounon,Nguéré Grâce,,geraldine.sounon@pegozone.com,benin,19,01,1997,F
Ibrahim Sènan,Calvados Track,ibrahim.senan@allodfs.com,benin,20,02,1996,M
Abou Salifou,Calvados Track,abou.salifou@mediabenin.com,benin,12,12,2004,M
Arsène Djibo,Calvados Track,arsene.djibo@allodfs.com,benin,2,04,1998,M
Claver Nougloï,Calvados Track,claver.nougloi@pegozone.com,benin,23,10,1997,M
Sonita Gnonlonfoun,Nguéré Grâce,sonita.gnonlonfoun@allodfs.com,benin,23,04,1997,F
Moussa Coulibaly,Calvados Track,moussa.coulibaly@allodfs.com,benin,12,04,1999,M
Abdine Dégbey,Nguéré Grâce,abdine.degbey@pegozone.com,benin,24,04,2002,F
Prudo Coffi,Calvados Track,prudo.coffi@mediabenin.com,benin,6,05,1997,M
Ben Zannou,Calvados Track,ben.zannou@allodfs.com,benin,4,08,2004,M
Franck Honfin,Calvados Track,franck.honfin@pegozone.com,benin,23,12,2004,M
Annick Tossédè,Nguéré Grâce,annick.tossede@allodfs.com,benin,4,10,1998,F
Thierry Kibby,Calvados Track,thierry.kibby@mediabenin.com,benin,14,12,2000,M
Trince Yovo,Calvados Track,trince.yovo@mediabenin.com,benin,1,04,2000,M
Aimé Donan,Calvados Track,aime.donan@mediabenin.com,benin,2,05,1999,M
Namasté Bahoum,Calvados Track,namaste.bahoum@mediabenin.com,benin,17,03,1996,M
Noé Toudelo,Calvados Track,noe.toudelo@allodfs.com,benin,22,07,2003,F
Brunelle Akoclannou,Nguéré Grâce,brunelle.akoclannou@pegozone.com,benin,24,05,2004,F
Minerve Lakpomè,Nguéré Grâce,minerve.lakpome@pegozone.com,benin,8,01,1998,F
Issance Djossin,Calvados Track,issance.djossin@mediabenin.com,benin,27,11,1997,M,new
Leroy Atemenou,Calvados Track,leroy.atemenou@mediabenin.com,benin,21,02,2003,M,new
Karim Ouloudé,Calvados Track,karim.ouloude@pegozone.com,benin,23,10,2004,M,new
Mario Akplogan,Calvados Track,mario.akplogan@allodfs.com,benin,15,09,2004,M,new
Charles Hongbo,Calvados Track,charles.hongbo@pegozone.com,benin,1,08,2002,M,new
Codjo Pognon,Calvados Track,codjo.pognon@allodfs.com,benin,11,01,1997,M,new
Christos Gblagodo,Calvados Track,christos.gblagodo@mediabenin.com,benin,8,06,1998,M,new
Arnaud Kanté,Calvados Track,arnaud.kante@allodfs.com,benin,4,07,2002,M,new
Richenelle Vanzo,Traore Zée Barry,richenelle.vanzo@mediabenin.com,benin,14,06,1996,F,new
Israël Houssou,Calvados Track,israel.houssou@allodfs.com,benin,20,08,1997,M,new
Antoine Hatinla,Calvados Track,antoine.hatinla@allodfs.com,benin,6,06,2001,M,new
Moïse Ayéni,Calvados Track,moise.ayeni@pegozone.com,benin,1,12,1999,M,new
Ladyslas Dossou,Calvados Track,ladyslas.dossou@pegozone.com,benin,19,11,1998,M,new
Joël Tingbo,Calvados Track,joel.tingbo@pegozone.com,benin,18,08,1998,M,new
Boris Lokossou,Calvados Track,boris.lokossou@allodfs.com,benin,25,02,2000,M,new
Junior Ouorou,Calvados Track,junior.ouorou@allodfs.com,benin,2,03,2000,M,new
Delphin Baré,Calvados Track,delphin.bare@allodfs.com,benin,7,12,1999,M,new
Emile Gomihoué,Calvados Track,emile.gomihoue@allodfs.com,benin,23,01,2002,M,new
Aimé Sèmèvo,Calvados Track,aime.semevo@allodfs.com,benin,14,09,2000,M,new
Patrice Adanhoun,Calvados Track,patrice.adanhoun@pegozone.com,benin,25,03,1997,M,new
Sylvestre Akogbé,Calvados Track,sylvestre.akogbe@mediabenin.com,benin,24,11,1997,M,new
Félix Akpomaho,Calvados Track,felix.akpomaho@mediabenin.com,benin,9,01,1997,M,new
Hugues Mihan,Aboubacar Maimouna Camara,hugues.mihan@mediabenin.com,benin,6,10,2000,M,new
Arnaud Zoumenou,Aboubacar Maimouna Camara,arnaud.zoumenou@pegozone.com,benin,2,10,1996,M,new
Eric Sedjrio,Aboubacar Maimouna Camara,eric.sedjrio@mediabenin.com,benin,2,01,1996,M,new
Idéal Sourou,Aboubacar Maimouna Camara,ideal.sourou@allodfs.com,benin,9,12,2002,M,new
Ceny Wilson,Aboubacar Maimouna Camara,ceny.wilson@mediabenin.com,benin,19,04,1997,M,new
Marial Moussedikou,Aboubacar Maimouna Camara,marial.moussedikou@allodfs.com,benin,14,01,2001,M,new
Donald Mehouenou,Aboubacar Maimouna Camara,donald.mehouenou@pegozone.com,benin,7,05,1998,M,new
Simeon Radji,Aboubacar Maimouna Camara,simeon.radji@allodfs.com,benin,24,09,2001,M,new
Ulrich Amadidjè,Aboubacar Maimouna Camara,ulrich.amadidje@mediabenin.com,benin,24,11,1998,M,new
Rosine Honnon,Traore Zée Barry,rosine.honnon@mediabenin.com,benin,4,06,1996,F,new
Nadège Migbèwé,Traore Zée Barry,nadege.migbewe@allodfs.com,benin,28,03,1997,F,new
Ornella Zodji,Traore Zée Barry,ornella.zodji@pegozone.com,benin,13,09,1999,F,new
Sybelle Boton,Traore Zée Barry,sybelle.boton@pegozone.com,benin,9,06,2002,F,new
Christiane Dossou,Traore Zée Barry,christiane.dossou@mediabenin.com,benin,21,09,1999,F,new
Pius Potter,Aboubacar Maimouna Camara,pius.potter@mediabenin.com,benin,3,04,2004,M,new
Casimir Fofana,Aboubacar Maimouna Camara,casimir.fofana@pegozone.com,benin,15,03,2003,M,new
Joseph Adjélé,Aboubacar Maimouna Camara,joseph.adjele@mediabenin.com,benin,23,08,2004,M,new
Venance Boco,Aboubacar Maimouna Camara,venance.boco@allodfs.com,benin,20,01,2002,M,new
Ursulla Houndjênoukon,Traore Zée Barry,ursulla.houndjenoukon@pegozone.com,benin,12,05,2002,F,new
Donatien Akoho,Aboubacar Maimouna Camara,donatien.akoho@allodfs.com,benin,12,04,2003,M,new
Riwanou Adekunle,Aboubacar Maimouna Camara,riwanou.adekunle@mediabenin.com,benin,13,06,1997,M,new
Zayane Elmaout,Traore Zée Barry,zayane.elmaout@allodfs.com,benin,3,04,1999,F,new
Yakoubou Ibrahima,Mamoudou Bilal,yakoubou.ibrahima@mediabenin.com,benin,3,12,2002,M,new
Falbaras Fouro,Mamoudou Bilal,falbaras.fouro@pegozone.com,benin,5,09,2003,F,new
Constant Tognizin,Mamoudou Bilal,constant.tognizin@mediabenin.com,benin,13,02,2003,M,new
Gilbert Atinh,Mamoudou Bilal,gilbert.atinh@allodfs.com,benin,12,01,1998,M,new
Géoffroy Fagbohoun,Mamoudou Bilal,geoffroy.fagbohoun@allodfs.com,benin,20,01,1999,M,new
Fidèle Mahutin,Mamoudou Bilal,fidele.mahutin@mediabenin.com,benin,4,02,1999,M,new
Ruth Dufu,Traore Zée Barry,ruth.dufu@allodfs.com,benin,15,04,1996,F,new
Joël Akorede,Traore Zée Barry,joel.akorede@pegozone.com,benin,23,09,2000,M,new
Gabriel Wakanou,Traore Zée Barry,gabriel.wakanou@allodfs.com,benin,11,06,1997,M,new
Aïchatou Zoulinou,Traore Zée Barry,aichatou.zoulinou@pegozone.com,benin,23,10,2000,F,new
Florent Avocegamou,Mamoudou Bilal,florent.avocegamou@pegozone.com,benin,9,01,1998,M,new
Dénise Ognondoun,Traore Zée Barry,denise.ognondoun@mediabenin.com,benin,26,11,2000,F,new
Arthur Amoussou,Mamoudou Bilal,arthur.amoussou@mediabenin.com,benin,19,07,2001,M,new
Carine Akakpovi,Traore Zée Barry,carine.akakpovi@pegozone.com,benin,17,09,1996,F,new
Larissa Agbo,Traore Zée Barry,larissa.agbo@allodfs.com,benin,22,03,2003,F,new
Richard Fafa,Mamoudou Bilal,richard.fafa@pegozone.com,benin,1,03,2004,M,new
Gwladys Affo,Traore Zée Barry,gwladys.affo@pegozone.com,benin,6,03,1999,F,new
John Hounkpatin,Traore Zée Barry,john.hounkpatin@mediabenin.com,benin,5,03,1997,M,new
Junior Ahlonsou,Traore Zée Barry,junior.ahlonsou@mediabenin.com,benin,22,11,2002,M,new
Jean Noudégnon,Traore Zée Barry,jean.noudegnon@pegozone.com,benin,25,06,2003,M,new
Ornella Agbo,Traore Zée Barry,ornella.agbo@allodfs.com,benin,23,06,2001,F,new
William Houndji,Traore Zée Barry,william.houndji@pegozone.com,benin,12,08,2001,M,new
Fabrice Adingban,bbbbb,fabrice.adingban@allodfs.com,benin,12,01,2000,M
Christel Yévi,aaaa,christel.yevi@allodfs.com,benin,19,07,2001,F
Joël Tchaki,zzzzz,joel.tchaki@mediabenin.com,benin,26,07,1996,M
Urbain Kougblenou,xxx,urbain.kougblenou@allodfs.com,benin,6,02,1999,M
Georges Honvoh,georges.honvoh@pegozone.com,benin,2,10,2003,M
Ahmed Akim,xxx,ahmed.akim@pegozone.com,benin,27,03,2003,M
Prudencia Hounkanrin,yyyy,prudencia.hounkanrin@mediabenin.com,benin,21,09,1998,F
Laurent Sèlovè,laurent.selove@pegozone.com,benin,19,03,2001,M
Mariano Agbota,xxx,mariano.agbota@pegozone.com,benin,6,04,1996,M
Sergent Sagbo,xxx,sergent.sagbo@pegozone.com,benin,21,05,1997,M
Jacques Azégonon,xxx,jacques.azegonon@mediabenin.com,benin,26,06,1999,M
Grâce Agbodeka,Traore Zée Barry,grace.agbodeka@pegozone.com,benin,28,01,1996,F
Marcel Abdias,xxx,marcel.abdias@pegozone.com,benin,14,03,1996,M
Alain Houndonougbo,Joseph Monga,alain.houndonougbo@allodfs.com,benin,19,10,1997,M
Devilla Lopez,Traore Zée Barry,devilla.lopez@pegozone.com,benin,12,11,2003,F
Oberys Hovinou,ccccc,oberys.hovinou@allodfs.com,benin,12,02,2004,M
Vérone Hounkpatin,hhhh,verone.hounkpatin@allodfs.com,benin,22,10,1997,F
Alex Gbaka,ddd,alex.gbaka@pegozone.com,benin,24,11,2004,M
Judy Amoussouga,ddddd,judy.amoussouga@allodfs.com,benin,16,01,1999,F
Jacques Zoungnon,eeee,jacques.zoungnon@allodfs.com,benin,28,10,2002,M
Falyse Towanou,ffff,falyse.towanou@mediabenin.com,benin,6,05,2000,F
Morénaud Totin,gggg,morenaud.totin@mediabenin.com,benin,8,07,1996,F
Emmanuel Goudjaï,deeeeeee,emmanuel.goudjai@pegozone.com,benin,23,09,2004,M
Sabina Adjaï,deeeeeee,sabina.adjai@pegozone.com,benin,25,09,2004,F
Edouard Sonon,deeeeeee,edouard.sonon@mediabenin.com,benin,6,07,2002,M
Fifame Djahou,deeeeeee,fifame.djahou@pegozone.com,benin,26,08,2004,F
Montand Waladé,deeeeeee,montand.walade@mediabenin.com,benin,9,08,1997,M
Freud Nkongolo,deeeeeee,freud.nkongolo@allodfs.com,benin,4,09,2000,M
Michel Atchassou,deeeeeee,michel.atchassou@pegozone.com,benin,18,06,2002,M
Marvelous Yakouto,deeeeeee,marvelous.yakouto@allodfs.com,benin,8,01,1999,M
Ariane Houéfa,deeeeeee,ariane.houefa@allodfs.com,benin,23,01,2004,F
Adjinda Aplogan,deeeeeee,adjinda.aplogan@mediabenin.com,benin,7,02,2002,F
Hector Nouvissi,ancien landry medeton,hector.nouvissi@mediabenin.com,benin,2,07,1997,M
Théodore Béhanzin,deeeeeee,theodore.behanzin@mediabenin.com,benin,10,04,2002,M
Jean-Baptiste Eyébiyi,deeeeeee,jean-baptiste.eyebiyi@pegozone.com,benin,11,09,2001,M
Melvide Godjo,deeeeeee,melvide.godjo@mediabenin.com,benin,21,11,2003,F
Gildas Edah,deeeeeee,gildas.edah@pegozone.com,benin,11,09,2001,M
Sonia Tamou,xxxxxx,sonia.tamou@mediabenin.com,benin,28,03,2004,F
Gilbert Bénon,xxxxxx,gilbert.benon@allodfs.win,benin,26,03,2002,M
Poël Gbeke,xxxx,poel.gbeke@allodfs.win,benin,07,08,1996,M
Seynabou Avodagbé,xxxxxx,seynabou.avodagbe@allodfs.win,benin,07,08,1996,F
